﻿<?xml version="1.0" encoding="utf-8" standalone="no" ?>
<modDesc descVersion="65">
  <author>LS-Farmers</author>
  <version>1.0.0.0</version>
  <title>
    <en>Damage Control</en>
    <de>Damage Control</de>
  </title>
  <description>
    <en>
    <![CDATA[
some text
]]></en>
    <de>
    <![CDATA[
some text
]]></de>
  </description>
  <multiplayer supported="true"/>
  <iconFilename>modIcon.dds</iconFilename>
  <extraSourceFiles>
    <sourceFile filename="register.lua"/>
  </extraSourceFiles>
</modDesc>
